site,abs_diffsel,positive_diffsel,negative_diffsel,max_diffsel,min_diffsel
189,21.373614735765216,20.821299868478004,-0.5523148672872104,3.244294950323968,-0.33537464572048126
220,17.587545421736596,0.7232857591081071,-16.86425966262849,0.47023478683326325,-3.0974594012148686
193,14.912319120478037,12.610979142345222,-2.3013399781328148,4.022775581957823,-1.0244039194720922
160,13.314314603666404,4.173096932734804,-9.1412176709316,1.3328433154042623,-1.5753583702113414
222,10.993402719790222,7.1854838854421885,-3.807918834348032,1.6815626283823344,-1.4307506236495027
304,10.791290389232433,6.135451136446564,-4.65583925278587,4.238122500482022,-1.1122963264045853
(HA2)32,10.319948426351388,3.4376740040726173,-6.882274422278772,1.2539045133154758,-1.1929722575933421
(HA2)179,9.326168038036338,3.3762409352994585,-5.949927102736881,1.8963424385849086,-0.9783373114103024
226,9.282657804109643,0.4028074726907196,-8.879850331418924,0.25426165437323733,-1.5937352521817125
208,9.13826227792366,3.118927196295739,-6.01933508162792,0.6610998994037278,-1.8531703818057037
92,9.031718072677428,2.0945655000431698,-6.937152572634258,0.8863873285291105,-1.271745298041697
(HA2)15,9.008126269509622,3.691485463158055,-5.31664080635157,0.9767415298489841,-0.8772562220980546
(HA2)200,8.849314804072094,3.102165602892076,-5.747149201180019,1.0271785636399233,-1.0114781920743552
299,8.652442045178764,3.874233804732684,-4.7782082404460775,2.5849593543571663,-0.9992123146696037
135,8.575584214011222,0.952397074371183,-7.62318713964004,0.38494982231921154,-2.271983738744634
50,8.572854160865317,4.4754982515941535,-4.097355909271163,0.8597561147308592,-1.0612791229330933
224,8.512912534473239,1.3254155599456159,-7.187496974527624,1.0869533158887497,-1.3790097694377697
48,8.337451332309108,1.8625790504879183,-6.47487228182119,0.736822727679967,-1.3460938325303922
(HA2)157,8.302591485740747,4.5438595160799835,-3.7587319696607646,2.6633649452083668,-0.8013775594354814
(HA2)25,8.286042735961257,3.060050355651379,-5.225992380309877,1.1817766203316844,-1.887082936296282
223,8.209641809167474,3.8812855989792427,-4.328356210188231,2.423313555992391,-1.2628440984485378
-2,8.111324117274298,4.758137602986698,-3.353186514287599,1.1565144393202988,-1.052301912917597
159,8.06785310785106,4.815701489343884,-3.252151618507175,1.713043180096764,-0.7485097649725876
(HA2)120,8.03930725557413,3.8791314216737756,-4.160175833900354,1.2293413823671,-1.1085892310025693
279,7.892245150723147,4.454467533200013,-3.437777617523134,0.9901238903285965,-0.7403570860827493
(HA2)203,7.877575581686263,4.789917634563013,-3.08765794712325,2.694048411935652,-0.7823349169166658
27,7.8773568230411755,1.3570054453125175,-6.520351377728658,0.4840496593885708,-1.066061539836819
94,7.838443626758181,0.1931139998456048,-7.645329626912576,0.1931139998456048,-1.2771901552903173
(HA2)29,7.811303755657305,5.386715663845476,-2.42458809181183,0.866236113088984,-0.7457880390738763
261,7.716980474920458,3.137199824990539,-4.579780649929919,0.883900121284516,-0.7885611782332396
(HA2)57,7.680662204592011,3.0957011609932445,-4.584961043598767,2.206911772118989,-1.2440235419019567
5,7.620676319663999,2.199747407969886,-5.420928911694111,0.6772870711768204,-1.1114618020270361
216,7.572380143861511,3.5474771282470825,-4.024903015614429,0.9215955493641413,-1.0197848262189109
103,7.5675884686503645,0.7923445109326326,-6.7752439577177315,0.2496314739584089,-1.360868935152066
75,7.434494815252679,3.8571953416105793,-3.5772994736421007,1.2989318197050537,-0.996388652953032
215,7.430638224098054,2.3686366466421753,-5.062001577455879,0.661040755063081,-0.8482603843773775
(HA2)168,7.3648107695171525,2.6558346871460934,-4.708976082371059,0.7547525424758255,-0.9093090449190805
(HA2)99,7.363888071407787,2.6695417678107547,-4.694346303597031,0.6063058712149357,-0.7900319479638095
157,7.361504306418263,3.514131714328434,-3.8473725920898296,0.6798415463503111,-1.3002410125997728
(HA2)78,7.326607646899754,1.0737492319758077,-6.2528584149239474,0.6776193854080539,-1.1220880315988524
207,7.320926510763696,4.2519696660147135,-3.0689568447489837,1.357451195106636,-1.229044848204628
244,7.288918685422027,2.3453069467594725,-4.943611738662556,0.7145816631184674,-1.3140735784846802
(HA2)206,7.28225052174193,1.0621620259155997,-6.220088495826331,0.7439561891424109,-1.2790201892555306
(HA2)82,7.213860343257234,3.1882080231352763,-4.025652320121957,1.3784372440792185,-1.4987652201327895
(HA2)147,7.146473037444105,3.735682528400603,-3.4107905090435016,1.603104881202024,-0.7682889930924559
214,7.14492121979911,3.401580335162003,-3.7433408846371075,1.0881376359406294,-1.1149553258263236
219,7.09100994435361,1.9189241780545716,-5.172085766299037,0.6098340030159753,-0.9364017217798554
(HA2)27,7.08835153247073,3.776008215485953,-3.312343316984777,0.672436075343472,-1.175560831211478
96,7.023782055854204,1.3593778516914947,-5.664404204162707,0.6489674184954817,-1.1380728127451136
217,6.95470843482536,1.5441757031023544,-5.410532731723005,0.5840138333587723,-1.1723282430530664
(HA2)38,6.895586513793055,2.319561709300227,-4.576024804492829,1.3147228922728709,-1.0687482471690803
(HA2)196,6.859324550543924,2.7927775098284964,-4.066547040715427,1.1991242836013578,-0.999564683869976
326,6.829580896746623,2.7747936532555517,-4.054787243491073,0.7300899056224872,-0.8941183282959657
121,6.785786551655385,3.890566809793333,-2.895219741862052,1.7758630278050447,-0.9660413105985496
(HA2)106,6.775403999529441,4.561079236216148,-2.214324763313293,1.789111881889901,-0.6282905275440656
(HA2)209,6.730127976637578,4.227942760369912,-2.5021852162676668,1.408197220295035,-1.341127422155765
138,6.70391249058414,0.7535168746641775,-5.950395615919962,0.7535168746641775,-1.7259001667873328
(HA2)39,6.670583768423964,3.388815278225685,-3.2817684901982793,0.8240459396549533,-1.1322530269932531
-8,6.652753483091085,1.8019622726811304,-4.850791210409954,1.171847330937586,-0.8456502406005544
(HA2)53,6.646379547171075,4.012216443595366,-2.6341631035757067,0.8480413502803044,-0.9143561464645183
21,6.624206355252365,3.584575654569064,-3.0396307006833005,0.80988425198152,-0.996630874042035
163,6.611144822591278,2.323322523466442,-4.287822299124836,0.8328259772751722,-0.906023937473095
-15,6.586367645159116,2.0332027529474925,-4.5531648922116235,0.5310365835229192,-0.8892943570847005
(HA2)18,6.5753243474054255,2.7218792306878505,-3.853445116717576,1.3550872953046351,-0.8764706196143563
1,6.546466174197958,2.7070291896868306,-3.839436984511127,0.6805055205828463,-0.7240297844699681
192,6.480384829801553,3.8879521055471686,-2.592432724254384,0.8952419546558349,-0.6007644870994922
-3,6.47068609529368,4.37619609716042,-2.0944899981332608,1.4528747280700907,-0.6742232568193461
(HA2)181,6.465929900413152,2.0458455546371375,-4.420084345776014,0.5863220967621147,-1.0104828345488905
82,6.398036255309628,3.3015468146922693,-3.0964894406173586,1.075661322083513,-1.1283387555727573
(HA2)46,6.387740269420797,2.2484025389627833,-4.139337730458013,0.6536308948067076,-0.9110308596848242
269,6.37706256076621,3.0088893803828447,-3.3681731803833643,1.3786920497691117,-1.1179037979032265
(HA2)199,6.349446583696884,3.532589640054542,-2.8168569436423425,1.4944583662958288,-0.7009933329278055
(HA2)91,6.337396907152713,3.9088412509904713,-2.428555656162241,1.3794448347764394,-0.6113044880454879
(HA2)4,6.282960130556537,0.5077612198104399,-5.775198910746098,0.2606769619074938,-1.5523237557061766
(HA2)154,6.239197877357303,2.9304033862605117,-3.308794491096791,0.9439498634841516,-1.163636511331914
(HA2)124,6.235002388090656,2.4144227519282873,-3.820579636162368,0.6043452504783093,-0.7481156720837905
(HA2)208,6.232138323944369,0.6502818964721108,-5.581856427472259,0.23407445240685107,-0.8958335693506471
33,6.230924051414857,2.8005408361092514,-3.4303832153056066,1.1017650615069576,-0.9945966316094924
(HA2)173,6.212545443334876,2.517954093882188,-3.6945913494526863,0.7824852674371212,-1.5962698530783586
(HA2)61,6.2031277593129435,1.1712608570231124,-5.031866902289831,0.6850958400827972,-1.1945251940202752
45,6.171421748312594,0.645138763021734,-5.52628298529086,0.35807731762602774,-1.3482442807704489
(HA2)184,6.169247320248128,1.1021308345697156,-5.0671164856784126,0.6204391275964936,-1.0625294367301077
124,6.154038186440339,2.957207722302382,-3.1968304641379572,1.3336414991405392,-0.6817620175982233
(HA2)110,6.14708663757795,2.139588118670814,-4.007498518907136,0.8478750201342583,-1.0678292126615319
(HA2)43,6.141947800792438,3.4970682292494253,-2.6448795715430116,0.7563047194389441,-0.4558685510958536
6,6.113269939423151,2.153585884838119,-3.9596840545850305,0.5335181920486869,-1.1112047345021157
328,6.0782180236701375,2.2296158323531685,-3.8486021913169703,1.1940526374272407,-1.0028309187044118
(HA2)183,6.0534849568661,3.0288979321899285,-3.0245870246761726,0.7021500129305842,-0.7263178785971507
(HA2)212,6.0303863096450865,2.3356128103852503,-3.694773499259836,1.0375987790504908,-0.822916923978948
(HA2)60,6.025684971684594,0.506622755756168,-5.519062215928425,0.26268253152940974,-1.6825535282575566
(HA2)121,6.015224188857728,2.720147879539364,-3.295076309318363,0.9435667931405043,-0.820086874394609
83,5.998553639604912,3.1205879147221682,-2.877965724882743,0.961690380250017,-1.235084820848048
60,5.974030158337344,2.0694285481120227,-3.9046016102253205,0.8756619699857309,-0.8408423859148652
(HA2)132,5.949886342820863,3.546814467432197,-2.4030718753886644,1.112770196482889,-0.8465980722899873
307,5.943923544171435,2.6909313738545557,-3.2529921703168805,1.7187445388308347,-0.741824915972167
(HA2)143,5.9335120745758925,2.269832832865905,-3.6636792417099864,0.4400836356075222,-1.1846940735565459
327,5.913725368166448,3.3354141243152147,-2.5783112438512323,0.9116875633121265,-0.7406162268663098
324,5.909604922346051,2.1274745998176945,-3.7821303225283565,0.7698106209915925,-0.795558694068865
(HA2)207,5.898820006259698,2.97098729802384,-2.92783270823586,0.8599769996772382,-0.731667003768568
(HA2)198,5.873906885331089,3.0489978913322884,-2.824908993998801,0.8370522460415409,-0.8481040602696449
(HA2)40,5.839137205787171,1.5436772660675375,-4.295459939719634,0.9064866169666168,-1.1299602561873154
200,5.818963738075523,1.3919855763930844,-4.426978161682437,0.8275099911134393,-1.2666194896597347
(HA2)182,5.797384983523923,0.45513147219985045,-5.342253511324072,0.3877550616973167,-1.0009091155090637
106,5.776786863791257,0.5649384040625314,-5.211848459728725,0.25135502870850307,-0.9347997361390221
(HA2)54,5.768192721324421,2.62200511069184,-3.1461876106325803,0.9432537504765951,-0.7300907346730205
(HA2)131,5.75387830756459,3.7065570784209103,-2.0473212291436798,0.7587280024267606,-0.7584533835781195
(HA2)138,5.699486232525443,2.889285663677735,-2.810200568847708,1.7147828258629436,-0.8480919811885492
(HA2)174,5.698647850386283,4.16779122860372,-1.5308566217825619,1.469658005134705,-0.5191717178389632
8,5.69710837614584,3.464444268685683,-2.232664107460156,0.8388490567708875,-0.8697315220507017
54,5.60121114995732,1.9667927637543643,-3.634418386202956,0.6778939118122085,-1.108958860422136
(HA2)216,5.581250357226419,1.9034488535486935,-3.6778015036777263,0.4648351852395542,-1.3896313790116492
(HA2)160,5.574099252937435,2.9475694329757265,-2.6265298199617084,0.7404212122918715,-0.5929246422934908
18,5.572209280042109,0.8607538937274756,-4.711455386314634,0.8592226179757406,-1.339168488380342
201,5.565997275949564,1.7700551700392824,-3.7959421059102816,0.6263788919989302,-1.0076237794197302
(HA2)77,5.540731742064989,2.054851856142082,-3.485879885922907,0.6925179593450074,-0.7085209899297675
-12,5.5378779280857,2.08206132082423,-3.45581660726147,1.6459949934114415,-0.9966727674245728
57,5.523058993235066,0.8128704639994863,-4.71018852923558,0.22323524306822504,-0.701918042586393
(HA2)45,5.489150885613207,2.129287719940755,-3.359863165672451,0.48500154468289397,-0.9806424879500645
(HA2)88,5.462860581801082,2.332908798045369,-3.1299517837557134,0.6781311130507723,-0.9415990972944541
(HA2)164,5.4535761956117685,4.30032380476139,-1.1532523908503787,0.9006023999537418,-0.2935879896302001
122,5.447208648760374,1.4382471611343812,-4.008961487625994,0.47658624481881245,-0.7288707471237564
-10,5.396202485772622,1.8540990900550423,-3.5421033957175796,0.7376819144726078,-0.6740666698321321
24,5.394482247458431,2.7666620299927347,-2.6278202174656964,1.043521126052537,-0.6964853185904945
276,5.3821840531826615,4.043533726378845,-1.3386503268038163,1.1293217978348231,-0.5873506355485937
(HA2)113,5.369953083927685,0.5963758064158187,-4.773577277511866,0.4850050990235998,-1.1292547407199247
79,5.367866663654786,2.5588326115703035,-2.809034052084482,1.263231330109567,-1.374060757556732
262,5.358813985833196,3.5507428538975376,-1.8080711319356588,1.0963955367489637,-0.8507334180062924
175,5.357453826788325,2.056469258321331,-3.3009845684669945,1.2363980283760918,-0.7581210833117638
156,5.336816521661846,3.1778196351687247,-2.1589968864931204,1.0517293737250573,-1.492019554075064
(HA2)69,5.323640711548048,1.6515339557154898,-3.672106755832558,0.8760969323686912,-0.8630791023769127
236,5.313305868075114,0.3061680979433294,-5.007137770131784,0.2562667269437426,-1.4883246645677775
(HA2)17,5.311389195160197,4.0828785507350185,-1.228510644425178,1.2544427039724901,-0.5485782022817405
(HA2)101,5.306982210607525,0.8365678564390266,-4.470414354168497,0.436265658681379,-1.0109046970924993
171,5.300779678297387,2.854849152610448,-2.445930525686939,0.8460968086172128,-0.5858166730875165
70,5.285702185350164,0.9413289676477046,-4.3443732177024605,0.6777336285170281,-1.1218292092073923
278,5.2666283010648,3.69769729624764,-1.5689310048171596,1.1567313667313623,-0.8938889382048333
(HA2)161,5.259123556468083,3.8097906233094285,-1.449332933158654,0.6945300870611759,-0.4826921063673347
(HA2)202,5.252509146199302,1.3866957163147848,-3.8658134298845184,0.3325226404520547,-1.028329637889846
311,5.248463051203784,0.6957986873308758,-4.552664363872909,0.2602521026606227,-1.2251747245096192
188,5.194633230917959,2.093025126738989,-3.101608104178971,0.564762897225733,-0.8481006118725258
2,5.1775339323580445,0.7151192038410094,-4.462414728517035,0.450361532102414,-0.7744630989443251
(HA2)71,5.173911108143797,0.9535415372309667,-4.22036957091283,0.4852186815087637,-0.8347726059696752
49,5.1720150736704165,4.321511681875841,-0.8505033917945761,1.6383305361871998,-0.2608207789381935
(HA2)34,5.161492821870089,1.5656289631006794,-3.59586385876941,0.8661488215137544,-0.5372984413595192
7,5.15362263566739,2.7926941979309268,-2.3609284377364643,0.7798390100652185,-0.5108043422859291
(HA2)180,5.135881106951686,2.2409615028412735,-2.894919604110413,0.5635085348337594,-0.6619104802497442
191,5.135773280051701,2.1039004013229547,-3.031872878728745,1.0692094316204748,-0.9999880406399257
(HA2)205,5.100734452919445,0.8862918994126519,-4.214442553506794,0.6378966102979469,-1.3867152777412297
-16,5.095046793513043,2.358986091864003,-2.7360607016490404,0.5806669809060377,-0.9132618950695106
(HA2)150,5.0900888204555095,2.4376045154989643,-2.652484304956545,1.2220463853761687,-0.6775752298886855
318,5.0880284670593126,0.8684771238291932,-4.219551343230119,0.6722049611207658,-0.8945721346401564
(HA2)49,5.0710829109662106,2.6129851107712807,-2.45809780019493,0.8148311130999077,-0.5948234847979235
56,5.067004568142448,3.878461863882747,-1.1885427042597005,1.2541695448967416,-0.4798602894280572
(HA2)153,5.027946300638378,0.4870318710447828,-4.540914429593595,0.2509128129231381,-1.2236109047034407
162,5.017578829114179,4.363399012647923,-0.6541798164662568,0.9351361600416437,-0.41350870140559354
212,4.996270806111367,3.146678139692224,-1.8495926664191429,0.8632994074282139,-0.8478682720744751
(HA2)177,4.993819096737005,3.003904398134237,-1.9899146986027683,1.0572016339861037,-0.5964859935668081
(HA2)70,4.99204560872187,2.205140941233775,-2.7869046674880957,1.2333559075992508,-1.1110703793997367
-6,4.985214419586897,2.449005437207514,-2.5362089823793847,0.587772950427681,-0.7742774371288602
227,4.978768768610923,1.5367401704191421,-3.442028598191782,0.37394387843918125,-1.309173211676216
155,4.961860582183138,1.1899285368256756,-3.7719320453574623,0.4861422133305985,-0.9507799624795829
323,4.960902013586392,2.047023058146231,-2.913878955440162,0.6938655971248987,-0.6780644203698674
187,4.920364210945693,1.521282855583787,-3.3990813553619073,0.564649345944469,-1.0001378454670913
(HA2)211,4.917285400825181,0.9596781194088776,-3.9576072814163035,0.36333233929154773,-0.8799668526002797
242,4.9098036028279815,2.2392944878344667,-2.6705091149935143,0.6614265549098242,-0.9235359458113319
(HA2)19,4.904661973486569,2.1535944985637747,-2.7510674749227935,0.7546942025526264,-0.9292508324903207
(HA2)105,4.880797161276403,2.442683845904757,-2.4381133153716466,0.9999749665221124,-0.6276946834274693
80,4.876012194827243,1.5752315372369448,-3.3007806575902974,0.46372426740764044,-0.6780411097443302
4,4.875897892262687,1.8338750918967301,-3.042022800365957,1.0340203865317292,-0.675492780498044
44,4.871601196207037,1.9676595619433968,-2.9039416342636395,1.0001539000177657,-1.2869683814426225
289,4.863580368891977,4.108222370928715,-0.7553579979632623,0.9737597503565548,-0.4635405540806062
28,4.861423706606909,2.9040748378201617,-1.9573488687867453,1.1375745578351208,-0.8703434862547175
98,4.860218915263065,0.8960497959329785,-3.964169119330086,0.5506465254504451,-0.7730396830968331
231,4.852326572983766,1.1867171914146184,-3.6656093815691473,0.4072023972520224,-0.848248480564546
(HA2)135,4.83763473164765,1.0383270720129985,-3.7993076596346502,0.5422778653412794,-0.7313010540709022
10,4.837223845678696,2.094124835088444,-2.743099010590252,0.9861269721647655,-0.9024847510063484
(HA2)98,4.81038332301999,1.7675896641374051,-3.0427936588825855,0.758976683929807,-0.908592456143851
(HA2)94,4.783601911935861,1.9890633691578605,-2.794538542778,1.1792598389705609,-0.7830161499276008
312,4.781714311746434,1.5071772373896701,-3.274537074356764,0.6909424358144186,-1.1040361800648895
(HA2)65,4.773647620340797,2.319212027529743,-2.454435592811053,0.774549819799706,-0.9101473990310724
173,4.758324694768683,2.4476069021800546,-2.310717792588627,0.9618586341837266,-0.44889354577085117
25,4.756418316448524,2.2992929203230226,-2.4571253961255017,0.9941018037600345,-0.6756875826731676
(HA2)125,4.749683674179043,2.0716643155468493,-2.678019358632194,0.6791247097352135,-0.6030027257351542
(HA2)142,4.7287396994978135,1.7890089927573012,-2.9397307067405123,0.8626779583662254,-0.6594064957521611
320,4.726753716076684,1.581046046133915,-3.1457076699427664,0.6908916992430653,-0.6781515443461437
(HA2)221,4.716709239116411,0.8862516708331221,-3.83045756828329,0.25120431685946376,-0.9692185010203899
184,4.7036103689871585,2.9026556699928623,-1.8009546989942973,1.1370929223019801,-0.7942441283812214
(HA2)16,4.699993816426876,3.9119991967373537,-0.7879946196895211,1.1891472841839377,-0.2626648732298404
85,4.698037426875241,1.5523470024507036,-3.1456904244245374,1.3518918175455172,-0.9669580312590318
(HA2)166,4.690173908719196,2.9258994092442405,-1.764274499474956,1.3686744162055802,-0.8991981366592223
-7,4.681306825423798,1.9184793488534169,-2.7628274765703824,0.8480466593911455,-0.5821871595955881
(HA2)158,4.633651738730493,0.7810635628532414,-3.852588175877251,0.28108480800127583,-0.9815213576547006
(HA2)87,4.631770788943751,2.5273288110323784,-2.104441977911372,0.8479797289448798,-1.277086986023888
(HA2)134,4.626992394778954,2.2505179070438266,-2.3764744877351265,0.7147689695568349,-0.8483077056861856
(HA2)186,4.626837420961048,3.0033208158664584,-1.6235166050945902,0.8474193997727548,-0.4075860797690175
319,4.62503277799905,1.1738745763901604,-3.45115820160889,0.627244366118626,-0.9128760620816297
(HA2)24,4.624571021464839,3.947079022760332,-0.6774919987045072,0.8412926954667505,-0.5164384506936541
40,4.62374054525024,1.7896505512875476,-2.8340899939626927,0.6076268345971438,-0.6468434839004044
(HA2)185,4.621064447870825,1.6924601526267307,-2.928604295244094,0.47787975427268736,-0.8784822810286923
(HA2)102,4.615946232708142,2.563528396598679,-2.0524178361094627,0.7568231618844117,-0.6331341575853158
199,4.611910343149057,3.7187730675034376,-0.8931372756456182,0.8242115782459568,-0.2856780487464168
(HA2)152,4.610093797004595,2.8808250948019056,-1.7292687022026891,1.3348743744733915,-0.7573884290037566
(HA2)141,4.603624790645583,1.9298926523027533,-2.673732138342828,0.7594784738594265,-0.6783384030659734
(HA2)73,4.600027672629642,2.765228845334055,-1.834798827295586,0.8480009482996754,-0.45563485401742293
(HA2)210,4.576426612758598,1.1346994106349797,-3.441727202123618,1.1346994106349797,-0.7139999257316878
(HA2)50,4.5761779472674355,1.5710470515486712,-3.005130895718765,0.8478387706572043,-0.634485484291909
185,4.5615192653808165,2.800009880060631,-1.7615093853201857,0.661153086006435,-0.7908317327753092
325,4.5503647706882,1.7321826923210797,-2.8181820783671205,0.491746298868951,-0.8428917261368286
(HA2)107,4.5456214465337235,1.2907515758560506,-3.254869870677673,0.7580595364068389,-1.2960746780243522
275,4.525988350012501,2.7928813514987674,-1.733106998513733,0.9909995823716152,-0.5363396529857425
37,4.525560466741023,1.3202230790021603,-3.2053373877388625,0.4852942644423667,-0.8183663875278444
(HA2)144,4.505846029464967,2.237805564757463,-2.2680404647075045,1.0986282797000113,-0.5914267654718901
9,4.5055357028037095,1.5799130995854833,-2.925622603218226,0.5885051169459209,-0.7555435040077857
(HA2)130,4.491282156701135,1.451608787318278,-3.039673369382857,1.0394612569194073,-1.0871911580668756
(HA2)201,4.4875438558413085,1.8661692885477856,-2.621374567293523,0.466365465090073,-0.80025501362413
(HA2)163,4.486046205993052,1.8388972034027098,-2.6471490025903424,1.2220269407421782,-0.7269424870958663
(HA2)11,4.4679637460503,1.8018155106864095,-2.666148235363891,1.2104721333986714,-1.1040224764081918
(HA2)171,4.461076003219938,1.0811565089437325,-3.3799194942762054,0.6516223541549786,-0.6342116022602224
(HA2)122,4.447435193701621,1.075006397830609,-3.372428795871013,0.38926572870779563,-0.7954736021035254
145,4.441920759719001,3.000977487517695,-1.4409432722013062,0.8405257295999703,-0.7075724128313026
(HA2)214,4.433572669085406,2.169487661105757,-2.2640850079796486,1.0595905571808093,-0.48537581202919394
(HA2)42,4.433495656600309,2.4735899490425712,-1.9599057075577364,0.7037473417512287,-0.820606807091259
(HA2)169,4.431196985777729,1.10347760054094,-3.327719385236789,0.33111554052115527,-1.109457050864826
129,4.402478495837425,2.702349037045455,-1.7001294587919704,1.391348294361139,-0.7484368033548591
142,4.394403276644537,3.2018204582003222,-1.1925828184442155,0.766121545664367,-0.3805945639852304
-5,4.3642816997252165,1.477042048475564,-2.8872396512496534,0.585921460403368,-0.6757948775776492
(HA2)204,4.363287241934495,0.5917204231491598,-3.7715668187853355,0.4032969519417366,-0.913038717502078
161,4.362310052566007,2.2684304460637277,-2.0938796065022793,0.8142705323826039,-0.5469605713924359
203,4.358742421821005,3.0353144002321955,-1.3234280215888101,1.1184629529189625,-0.48523051544426066
241,4.350942757586203,1.8346152159617595,-2.516327541624443,0.6630026050419304,-1.122189506969892
(HA2)100,4.346631708093888,1.8557761316273953,-2.490855576466493,0.7984702343556874,-1.5665291553732463
90,4.341876253634826,2.0812096307036843,-2.2606666229311414,1.0934406229530496,-1.239983019329002
(HA2)23,4.338541781055479,2.46567054161093,-1.87287123944455,1.5377098063289254,-0.6779862819204354
(HA2)63,4.335971403805869,2.770751874201466,-1.5652195296044036,0.6853474032247175,-0.45215612052521736
(HA2)2,4.332055001731142,2.0514566765353845,-2.280598325195757,0.6735382140577222,-0.9334874737166983
36,4.327954814072024,0.4885099742125851,-3.8394448398594405,0.2627124312651463,-0.995946507375458
301,4.321065664276292,1.8102005609538114,-2.5108651033224803,0.9792552942770856,-0.6856941217584682
(HA2)167,4.297644961490787,2.1292353158954365,-2.1684096455953505,0.9580724794722407,-1.320715444126131
310,4.288587071316069,1.4774747616435362,-2.811112309672533,0.840852702791008,-0.5910362520036996
247,4.286601852353594,0.7314503038622502,-3.5551515484913443,0.4747381516016028,-0.8200724745940446
218,4.282881702492494,2.036216504811335,-2.246665197681159,0.8032378598654054,-0.4854308076841689
(HA2)146,4.244410922641738,1.775473159958902,-2.4689377626828355,0.6512234350833694,-1.2117997972193777
-14,4.243102937498292,1.7082445060809235,-2.5348584314173683,0.533077503036952,-0.6759101807195285
47,4.241246451114336,1.2556340545447973,-2.9856123965695396,0.48511210025900786,-1.0536807215463966
(HA2)220,4.23988584997271,2.5800527842946694,-1.6598330656780416,0.890421060356396,-1.057447205748431
(HA2)55,4.235782727384533,0.5077776522525864,-3.728005075131946,0.4542280766809761,-0.8091731897374592
(HA2)117,4.234722730230842,1.1607890987583045,-3.073933631472537,0.3962749633883757,-0.7951680445320043
(HA2)36,4.222469762533726,1.467903424726837,-2.7545663378068888,0.5467371989855394,-0.9835745717429633
158,4.214040812868831,1.750244405105338,-2.4637964077634926,0.6987420535026935,-0.7774352575116036
143,4.208572605050956,1.5071372720902212,-2.701435332960735,0.4644918295762168,-0.8480147383543638
46,4.198215055815717,1.6428876863670796,-2.555327369448637,0.48540362825852856,-1.0042054163163434
(HA2)21,4.18514547498615,2.9910359232323143,-1.1941095517538358,0.841426791666084,-0.9311435046462041
(HA2)159,4.17554085882764,0.2888948426638428,-3.8866460161637963,0.2888948426638428,-0.9968828545419164
209,4.17008356377884,1.382335896513772,-2.7877476672650676,0.26023957310164575,-0.6781831346255113
(HA2)68,4.167406835221622,1.8584580750647486,-2.308948760156874,0.6047694015090431,-1.224971015454442
(HA2)170,4.1672286231617175,3.412504238912189,-0.7547243842495285,0.8171444068520684,-0.48545480562426596
316,4.156680591691116,2.5877996113305293,-1.5688809803605872,0.7256942395652775,-0.4642798243754912
137,4.155438753842053,2.256068148427955,-1.8993706054140975,0.9669039362246551,-0.848093931652833
(HA2)84,4.150313905524712,0.5043978262716421,-3.64591607925307,0.4851549391593258,-1.4448351446117815
213,4.130666124882379,2.026263282977342,-2.1044028419050367,1.0800684478838356,-0.6780233639607156
259,4.129567007328858,1.4692668057937042,-2.6603002015351542,0.7143281183331989,-0.7445184626342327
264,4.121805329974739,2.2559096038878383,-1.8658957260869014,0.6612253848210916,-0.7904246460006337
(HA2)80,4.119190399661729,1.829621661388267,-2.289568738273462,0.7290941982378436,-0.5760994876547703
313,4.115523953963772,2.5770673123055166,-1.5384566416582548,1.182852139684814,-0.48522959222518025
(HA2)5,4.109134512096388,2.7594125713830158,-1.349721940713372,1.0311459411601656,-0.8143730367382591
(HA2)128,4.107609231080712,1.931786926708725,-2.1758223043719873,1.1333261076194272,-0.5589605562848596
(HA2)151,4.0951050833222835,2.5600061730411907,-1.535098910281093,0.7041977562410306,-0.9972038188839093
62,4.094048068757167,2.341134980300741,-1.7529130884564255,1.5850191050413898,-0.8707678253222367
(HA2)116,4.0808897945722995,1.674656672077807,-2.406233122494492,0.694423580712032,-0.7952773085239875
19,4.068350524891501,0.6367259895725543,-3.431624535318946,0.36537444573317035,-1.1093188367575317
35,4.067231666479914,1.7314952459384907,-2.3357364205414233,0.8767901843472041,-0.7408535689217867
169,4.0593796853867925,1.6179750432485758,-2.441404642138217,0.6102505371746226,-1.4485013017870698
(HA2)219,4.055265518741895,3.402649075251406,-0.6526164434904891,1.3352207794506892,-0.3897487524535343
294,4.035277067415631,1.5318546872914864,-2.503422380124145,0.7919622033715079,-0.5876018804114241
(HA2)79,4.022654329296292,1.6947279135948838,-2.3279264157014086,1.438354821147352,-0.9225970195310234
(HA2)139,4.002624157499516,0.69553711425092,-3.3070870432485964,0.6084485206224455,-0.7071777214472417
170,3.988086163963925,2.3800873847561697,-1.607998779207756,0.7329135049439387,-0.847964027482284
(HA2)59,3.966235720237134,1.1857645648216641,-2.78047115541547,0.48530137396667744,-0.796295275819481
132,3.9559278306412433,1.8816305914042202,-2.0742972392370227,0.6780134186262405,-1.1284152382002612
(HA2)26,3.9541475201470893,1.3169933530592939,-2.6371541670877954,0.5782006413096465,-0.5189188147201902
164,3.9474508307886698,1.1985096560790252,-2.7489411747096444,0.48450130382319684,-0.6776022113712259
(HA2)114,3.9447377324758817,1.2809513024991732,-2.6637864299767084,0.5478699219066498,-0.45213007809335015
221,3.9391555282967805,1.73850476991295,-2.200650758383831,0.7142677422500463,-0.8799741327660351
204,3.9215031073912114,1.1100333831886957,-2.811469724202515,0.6610347902075644,-1.660893304679798
260,3.8904143286987054,2.1522804593459033,-1.7381338693528023,0.8503348010556708,-0.42243998148729256
210,3.887882640138998,1.2110091345236793,-2.6768735056153186,0.491967010807276,-0.6781628309341544
3,3.881776010093965,0.6616377846930867,-3.2201382254008784,0.3905330970627937,-0.9284653657560378
(HA2)48,3.854468404726779,1.0003537363261823,-2.8541146684005967,0.48524234843887554,-1.3340434002679828
229,3.829891539132064,1.4203388359256373,-2.409552703206427,0.8666163583984439,-0.5075589595024286
88,3.812180270341182,1.3495225924929946,-2.4626576778481875,0.4831438321012328,-1.144068899483984
(HA2)187,3.8111177238585436,2.3740774528454414,-1.437040271013103,0.5334531224679679,-0.6990421396563913
39,3.7958513885037153,1.6978605068962294,-2.0979908816074855,1.20703094410906,-0.670790566579123
186,3.7831431313269577,0.2088288549916722,-3.5743142763352855,0.2088288549916722,-1.0355501134897072
297,3.7768009829288345,1.8066931692651038,-1.9701078136637302,0.9167691666525988,-0.8328296636765206
291,3.775254249033816,1.3938829490171185,-2.381371300016698,0.6721508295440344,-0.8481013567223005
113,3.756843843942284,3.4650995086457153,-0.2917443352965689,1.312858097844372,-0.27965881352028926
(HA2)37,3.7361106188801867,1.0108052975377817,-2.7253053213424048,0.26262053153348686,-0.9728986048865027
321,3.7357401092398717,0.0,-3.7357401092398717,0.0,-1.0837132122988375
31,3.730509300240119,1.1124638242131701,-2.618045476026949,0.4161092636165305,-0.4835713597965951
250,3.7302720583725333,0.1496642782999871,-3.580607780072546,0.1496642782999871,-0.8482702218708595
110,3.7282548530596977,1.9915862521409915,-1.7366686009187067,0.6496054046513556,-0.48541874033107657
(HA2)96,3.7191156760980193,3.209977836057282,-0.5091378400407371,0.8958836457438515,-0.5091378400407371
(HA2)195,3.713971483382039,2.1330154399436565,-1.5809560434383827,0.4662972579110374,-0.5960504231039072
(HA2)197,3.711833086501904,2.355923791219552,-1.3559092952823515,0.7400145652042442,-0.485379161722155
238,3.7023163357433626,3.0765148259915147,-0.625801509751847,0.9245499032792043,-0.26273468423751917
144,3.697762293029381,1.7444257717738074,-1.953336521255574,0.8567350055956426,-0.48547113211746334
268,3.6970597608053546,0.5846900484812017,-3.1123697123241527,0.47221892545806454,-0.8483088267734092
305,3.6964913335755307,1.0514341321884357,-2.645057201387095,1.0514341321884357,-0.9313888218619341
181,3.6941184321121865,1.453712500599635,-2.2404059315125515,1.112455690084938,-0.8836385940954713
(HA2)1,3.6823873882958473,2.2685464029058413,-1.4138409853900065,0.7725731460411601,-1.2577332097527572
(HA2)97,3.639987832397568,1.7113403992938938,-1.9286474331036738,0.6362061225176241,-1.0176416437370046
195,3.619420288786105,1.1591122251939865,-2.4603080635921186,1.02977296158403,-1.3138138098316117
174,3.618642298396713,1.1568025613362891,-2.4618397370604237,0.4724176833807586,-0.8480633466739887
89,3.6182197212901035,2.418611766629196,-1.1996079546609075,0.4637708433416158,-0.6737326804083191
131,3.602303123528973,0.5769944107774504,-3.0253087127515226,0.4634653624253496,-0.5879914782768931
(HA2)108,3.6021289817517657,1.4033769362609558,-2.1987520454908096,0.4854156091082027,-1.2649724942395277
(HA2)123,3.597376766669911,2.040201424064277,-1.5571753426056338,0.6043263488637467,-0.6052881564169121
314,3.5966443126302727,0.6539040234147091,-2.942740289215564,0.21796800780490302,-0.7016434086752203
(HA2)6,3.5917386611293867,2.463125056578435,-1.1286136045509514,0.7495821602714363,-0.847830826583928
99,3.5892880031095187,1.5847713748322256,-2.004516628277293,0.607907344783783,-0.710376164678191
63,3.5812819170378076,2.0198347803630594,-1.5614471366747475,0.48546216586986407,-0.4833659087701997
273,3.579079520369427,2.4332324472737645,-1.1458470730956625,0.7177707691125054,-0.9999169333741381
(HA2)51,3.5719992416110884,1.7209726013543971,-1.8510266402566913,0.8525116980371671,-0.45220928712357744
(HA2)47,3.5603617712113182,2.5912446744944115,-0.9691170967169072,0.4889804084314864,-0.3486646569569725
300,3.5474749122279636,1.2048401659984291,-2.3426347462295345,0.48079232851541526,-0.7441226500189839
280,3.5362114154566395,1.0950236864465255,-2.4411877290101143,0.5744239585222063,-0.49335934262903886
237,3.532548007718768,1.163987441429622,-2.368560566289146,0.6213911638130165,-0.9060479351846947
11,3.529669984194644,1.2039642983303964,-2.3257056858642473,0.6776693758085632,-1.2576707807801943
(HA2)140,3.52558963520001,1.1136443829305722,-2.411945252269438,0.4073229693633533,-1.2130845545684166
(HA2)62,3.5217689561667327,0.294331770711535,-3.2274371854551975,0.23723215112000157,-0.7490733658308683
117,3.5214300464226573,1.2105069755070534,-2.3109230709156043,0.5355144941383481,-1.0198964419854466
32,3.510873055642801,1.5090382269505969,-2.0018348286922043,0.5862652632427519,-0.6751103063530627
(HA2)30,3.5059493492505167,1.4346397199387617,-2.071309629311754,0.4039036710168665,-0.8769534933610676
22,3.505931134836488,0.7589501895105941,-2.7469809453258938,0.48861386622467284,-0.9968129609455688
265,3.474054561341362,1.107990504347494,-2.3660640569938676,0.4345807189919986,-0.9060515968708991
252,3.4668804044102206,2.3768516378064315,-1.0900287666037891,0.8807204351248226,-0.677965042837994
133,3.450947490890282,2.6769879860049617,-0.7739595048853201,1.0052210837915099,-0.26281201583343977
97,3.4496705114528416,2.236590255443057,-1.2130802560097846,1.6104701466921412,-0.4853423279751148
30,3.4484468093814153,0.9310896792184911,-2.517357130162924,0.26284927823309623,-0.733093339183436
(HA2)137,3.441313429109478,0.725843725544504,-2.715469703564974,0.47679128195376713,-0.5929062658291612
298,3.4269766897680842,0.7807306813109496,-2.646246008457134,0.2602435604369832,-1.0027908453968104
109,3.4267619778090626,1.3508541103706375,-2.075907867438425,0.6497360434769428,-0.7416367801789991
148,3.4232887951375965,1.5761566915438514,-1.8471321035937456,0.6109549395493228,-0.4854363735435421
59,3.4215663886944303,2.0246097417096003,-1.3969566469848298,1.4183762420969637,-0.8731762387821291
15,3.4198472726930196,0.29171323502065893,-3.1281340376723605,0.29171323502065893,-1.1000446946788287
(HA2)76,3.4099372778296027,2.7152614943668705,-0.6946757834627322,1.1357964527551756,-0.45145937096667593
(HA2)148,3.407270541167319,2.7899946578126165,-0.6172758833547024,1.2843757558081386,-0.2613816570868948
12,3.4049137485059666,1.6304278822295104,-1.7744858662764562,0.5164768202215906,-0.6393800387168469
(HA2)56,3.3990979072697862,1.102790005897707,-2.2963079013720797,0.3218490647090889,-0.8101826211934832
267,3.385174652824298,2.468326777450647,-0.9168478753736504,0.6390306250398724,-0.37498842243272507
(HA2)109,3.3823794949488097,1.8208631358019622,-1.5615163591468477,0.7586299580856953,-0.29930929509195164
13,3.3751113494745333,0.8895060220103691,-2.4856053274641647,0.622241033010518,-0.8839636873908948
66,3.361953042612754,1.4997386640530812,-1.862214378559673,0.9738825982501301,-0.7343863514878088
(HA2)85,3.3550689124223023,0.8632404965942788,-2.4918284158280235,0.33738270542499355,-0.7955843714913307
34,3.348699526638433,2.118622192220013,-1.2300773344184204,1.2800163195542114,-0.48262956080891944
(HA2)22,3.344915500955404,1.8877963058042164,-1.4571191951511875,0.7292325968185748,-1.002544775127482
246,3.3400690567610174,1.5774429288646181,-1.762626127896399,0.6620754129338989,-0.6780939422106262
51,3.303128964844629,1.726601793764071,-1.5765271710805584,0.6126104038305556,-1.1832857879331864
(HA2)13,3.299055633049798,0.9955647043117716,-2.3034909287380265,0.3554239561053678,-0.6783728772955138
302,3.295436332295917,1.911990555283209,-1.3834457770127078,0.6452439969094214,-0.45581557221005564
68,3.2942160339671287,2.288547298132833,-1.005668735834295,0.8479603486805718,-0.44565245776398565
249,3.289605480664071,0.9229528850803148,-2.3666525955837563,0.49211710729633984,-1.0151462645335068
168,3.286555073296677,2.1775951524833865,-1.1089599208132905,1.5389322877917495,-0.4953633995168255
125,3.2794470783701337,1.4024105937495956,-1.8770364846205392,0.7056891469642401,-0.8480624032163107
(HA2)119,3.2508657862433306,1.7583042025879636,-1.4925615836553678,0.5180003678370978,-0.7950423303679195
(HA2)90,3.247245623936974,0.8758441518062045,-2.3714014721307692,0.48533689391250795,-0.9130438927815767
254,3.238719987525584,0.8950296111817159,-2.343690376343868,0.5650061898068197,-0.8480344480217146
190,3.218274948833509,1.0756753296955741,-2.142599619137935,0.5647885920974453,-0.6781655621406945
149,3.2099895341165827,1.3020631167170476,-1.9079264173995347,0.46390155377292785,-0.599275693049103
211,3.203846598043356,1.7743734405396605,-1.4294731575036959,0.4725578694335007,-0.4225514989059931
288,3.200091921387297,2.038568846766588,-1.1615230746207095,0.4809514246845079,-0.48541837407550653
114,3.1929917164664037,0.9947845582861499,-2.198207158180254,0.7592922443984698,-0.8336418286591452
41,3.1901913241616375,2.076691727182513,-1.1134995969791246,0.6781610573752226,-0.44930758972947643
282,3.17904302155681,2.9033309448736446,-0.27571207668316566,1.1061117754627803,-0.15871443620723466
322,3.172704239766458,2.5828206313707507,-0.5898836083957072,1.0642181788570044,-0.5874230545584316
(HA2)103,3.1722253337795396,1.074659989122558,-2.0975653446569824,0.4853805890989355,-0.6265133011215043
(HA2)118,3.1715079360248755,1.873012267126158,-1.2984956688987168,0.8980573891596453,-0.5859366277068139
77,3.1711243684950796,1.778602320382286,-1.392522048112794,1.0319110597542513,-0.7170012689460064
(HA2)145,3.1683707085401327,0.8839548019970539,-2.2844159065430785,0.4102366500723559,-1.736497748804179
258,3.1561598985516675,1.0736299082474057,-2.082529990304262,0.8182214794360748,-0.6374837437460146
147,3.1558624372335227,1.256120244773726,-1.8997421924597973,0.5411941036043577,-0.6733434796415176
177,3.1415646674143587,1.0039678733246828,-2.137596794089675,0.5582767146686762,-0.6781514681004732
(HA2)74,3.141208200663886,1.1393013910705754,-2.0019068095933106,0.5318297438474977,-0.794877408099263
(HA2)10,3.1398710380305963,2.333018835088041,-0.8068522029425563,0.5348953394297347,-0.6019744750963716
225,3.1382875957320997,1.5570156961057913,-1.5812718996263087,0.47257098287451843,-0.6574811800735401
78,3.1371639951912664,2.2260382404922288,-0.9111257546990381,0.710787084063992,-0.5114053218298636
(HA2)162,3.1329020234841094,1.3770438181971327,-1.7558582052869762,0.46019471430140474,-0.6719468750954516
(HA2)178,3.1237286933933746,1.1975446566010441,-1.9261840367923315,0.7023828655206981,-0.48527731498750587
202,3.117740848243877,1.0314599941012865,-2.08628085414259,0.6618304206348136,-0.7439536935308078
(HA2)156,3.116196861774556,0.6447253847590191,-2.4714714770155375,0.4648652409827784,-0.8363483403643284
108,3.112992294145485,1.7582087065656151,-1.3547835875798693,1.5077372150377215,-0.48542211093185894
38,3.1032529308558767,1.4120010091523798,-1.6912519217034965,0.4853498336874735,-0.564754855909296
(HA2)149,3.09689040689922,1.3496579669470161,-1.747232439952204,0.5437936726448104,-0.6270783798331774
101,3.0941970206125706,2.21677120874881,-0.8774258118637607,0.9554897788004882,-0.3010834290588505
(HA2)14,3.093812688646287,1.0541936309963402,-2.039619057649947,0.4809024225372638,-0.7014092743146856
(HA2)67,3.092976745611014,1.2488627811744892,-1.8441139644365248,0.4445578767408639,-0.7321220261618916
263,3.08491803388198,0.7351089010650311,-2.349809132816949,0.2702056533008146,-0.4855107908353817
(HA2)129,3.079853528305068,2.598561321454108,-0.48129220685096025,0.6043439691236766,-0.48129220685096025
(HA2)31,3.0647412932660627,1.5836648743263322,-1.4810764189397305,0.4908890112566991,-0.7162928642838557
(HA2)81,3.059280812329154,1.9525980356296446,-1.1066827766995089,0.5448978453132103,-0.5271802994003416
154,3.04973331160215,0.7143317604158296,-2.3354015511863206,0.46388109812887296,-0.7495493377130433
61,3.0488289440978784,2.565405488428708,-0.48342345566917067,1.2148415274899773,-0.48342345566917067
104,3.044929664118115,0.7645002772980676,-2.2804293868200474,0.4641720598688462,-1.118620454752427
-13,3.0311075276132775,0.002779141410699169,-3.0283283862025785,0.0020328904478056336,-0.7341601688840889
(HA2)133,3.0237801090459993,0.06213886731769975,-2.9616412417283,0.041966149963668424,-0.8496306561731444
(HA2)35,3.012639827773447,1.0862254423214432,-1.926414385452004,0.3179365884549241,-0.9509548890060116
136,3.008372551124386,2.0795913885059436,-0.9287811626184428,0.7052145756686149,-0.4853094354982252
293,3.0071274592148116,1.309166177294917,-1.6979612819198948,1.167379440533285,-0.844093664661991
(HA2)172,3.006265523024086,1.1476062977975083,-1.8586592252265768,0.25163090384363157,-0.7683728219887914
(HA2)9,3.0008368238565084,0.12962718731990913,-2.8712096365365993,0.12962718731990913,-0.9952850043685095
(HA2)93,2.991644561296533,1.7149855624147456,-1.276658998881786,0.827289205668216,-0.621535612381519
(HA2)86,2.9684106224224487,0.295888928319069,-2.6725216941033794,0.26281263439576397,-0.9799211464187837
(HA2)89,2.958825083628505,1.0812670309594525,-1.8775580526690536,0.5711782906999355,-1.07338583073164
182,2.9516568633448337,1.7291849847121532,-1.2224718786326805,0.6613054041183752,-0.48533296286789707
240,2.925386607351378,1.2015921596205956,-1.7237944477307823,0.4670356290705196,-0.5924104421320195
296,2.925300448948866,1.5487525882902324,-1.3765478606586337,0.4810069794766688,-0.5189930205233312
(HA2)64,2.922072009383653,0.7438811884956231,-2.1781908208880303,0.49630951384894795,-0.8090832436700419
290,2.920408465303744,0.49494386481235975,-2.425464600491384,0.38907034898575266,-0.5563284341295418
52,2.8942741599245956,2.1604255958207625,-0.733848564103833,0.6813881174921895,-0.47706910810818914
17,2.8819702038442943,0.999892800641706,-1.8820774032025889,0.999892800641706,-0.41268587612894975
(HA2)127,2.873535987209605,0.09268909847160164,-2.7808468887380036,0.07302177794139249,-0.9397550254090359
178,2.871703514350227,1.7544814491302927,-1.1172220652199336,1.0003836238516857,-1.1043741279303485
266,2.8651948385470147,0.4197255154118817,-2.445469323135133,0.20986275770594084,-1.0001492077965226
(HA2)111,2.855576895108801,0.5717846037715049,-2.283792291337296,0.2628738707743422,-0.6320350428898169
292,2.850935343501977,1.1471123950075852,-1.703822948494392,0.6380074210699886,-0.6565804941142461
(HA2)175,2.850570943878655,2.0579358150571685,-0.7926351288214866,1.3215125465171091,-0.4189664359627225
205,2.844024546813493,0.255158248662353,-2.5888662981511397,0.255158248662353,-0.4856600072676661
165,2.8432564279967103,0.3707789210887978,-2.4724775069079126,0.3707789210887978,-0.771077600440844
166,2.815243793548604,0.5495815212011792,-2.2656622723474253,0.5495815212011792,-0.6843124415649061
253,2.8059899922183495,1.338646424432772,-1.4673435677855773,0.7788264485919356,-0.6071069357596215
(HA2)95,2.805130906409259,0.6001214282789715,-2.205009478130287,0.33719493409304563,-0.5010279845329972
(HA2)33,2.7993753122999396,1.8962005169208873,-0.9031747953790523,1.0348911381188457,-0.8974291440281106
(HA2)104,2.7936283358817393,1.3964709974473204,-1.3971573384344183,0.6780532696723851,-0.9143037528055001
(HA2)165,2.780248388619576,1.7580137979693893,-1.0222345906501873,1.0491835871333675,-0.48482415650478367
100,2.775177489322443,0.386145357818595,-2.3890321315038476,0.386145357818595,-0.7852885416384292
81,2.7621251013259487,1.3113389618643156,-1.450786139461633,0.463459307522178,-0.8091801021147939
105,2.758627189264848,1.1828443337765786,-1.5757828554882691,0.43153003509774646,-0.48550377577658854
-1,2.7213952245205832,0.8183921815260777,-1.9030030429945055,0.5163800089914987,-0.7337757865707164
257,2.7138413046442986,1.4657780494400146,-1.2480632552042852,0.8503747004333454,-0.2628830596948181
(HA2)112,2.710341649311197,0.6627898399727756,-2.047551809338422,0.3664475896986801,-1.0827957155755703
116,2.7080119644684393,0.8456183115345762,-1.862393652933863,0.2724962151789075,-0.8537975062561071
(HA2)12,2.707485278086934,0.8348390126839984,-1.8726462654029357,0.31410986487160814,-0.4855293334132382
73,2.6985288996030694,1.3873301327704912,-1.3111987668325784,0.6359448688066975,-0.8284739810522961
53,2.6976741078777557,1.5114747639332509,-1.1861993439445049,0.6560050726126152,-0.45201820949351096
16,2.6965106813445257,1.2947386187224184,-1.4017720626221073,0.6663858453142237,-0.9724353398126955
20,2.6826105288487008,0.262739006312464,-2.4198715225362366,0.262739006312464,-0.8388349001836474
(HA2)66,2.664713806819308,0.5049828381048996,-2.1597309687144084,0.4853169770122233,-1.3042154759297095
248,2.6495822031226903,0.5136443413456531,-2.135937861777037,0.4728195394182934,-0.8526065263677948
(HA2)213,2.6458645824565137,1.1654154458475023,-1.4804491366090113,0.7376490035841377,-0.8237801946914685
285,2.628151264661871,1.0613207808278236,-1.566830483834048,0.49010335369293334,-0.7395484565916246
67,2.6264411386641906,0.9739473884528294,-1.6524937502113606,0.64541781463064,-0.8214056108381335
233,2.6216777027135407,0.7286364965907773,-1.8930412061227635,0.472972205767387,-0.7894971177735123
245,2.6193658802263773,0.9170137059986045,-1.7023521742277725,0.6614083678151421,-0.4855106424731792
306,2.615602807798993,1.7713258943095485,-0.844276913489444,0.8713387469741953,-0.48389755854589256
64,2.613984353695876,0.9949446512504594,-1.6190397024454173,0.5148920284938325,-0.8449713643205305
146,2.6070455149379548,0.2851423520346579,-2.321903162903297,0.2851423520346579,-0.8481392347305047
(HA2)218,2.582520113799464,1.1181187449942822,-1.464401368805182,0.4652403557398742,-0.4268129343735264
183,2.5664679583906915,0.2552798932425275,-2.311188065148164,0.2552798932425275,-1.388914041644062
176,2.565198371099632,1.6338663486966276,-0.9313320224030043,0.7142907620856075,-0.6608044427337398
(HA2)155,2.548632421116127,1.303490836887788,-1.245141584228339,0.39903803267669885,-0.56158841212306
130,2.5311715724069743,1.9139782216159713,-0.6171933507910039,0.46420313244987055,-0.2629497935418098
134,2.530098578380234,1.7645810401186373,-0.7655175382615963,1.068311971852242,-0.4853525740602348
107,2.5115584356545213,0.46342979502731646,-2.048128640627205,0.46342979502731646,-0.6782577116852404
(HA2)58,2.4959721753277977,1.5106058360711416,-0.9853663392566563,0.8480493818581738,-0.3087162784580763
251,2.495851165292179,0.5058131442250383,-1.9900380210671407,0.5058131442250383,-0.48550580226427226
274,2.4914959817341,1.228036851977806,-1.2634591297562936,0.5759311338627475,-0.32762582712305416
95,2.4756004512065988,0.3457100285536036,-2.1298904226529953,0.2501880071944219,-0.7676772167092625
65,2.4647454627830188,1.9427280073635331,-0.5220174554194855,0.45708493700057107,-0.26100872770974276
139,2.4463875232368077,1.2539467171874605,-1.1924408060493474,0.7973689431456902,-0.48537915077550126
(HA2)136,2.4420501138772215,1.255279960645524,-1.1867701532316968,0.4425221610751836,-0.6036147102390205
115,2.4307831124269748,0.45068793840209553,-1.9800951740248787,0.25021817022545173,-0.9446015325497569
317,2.4246239938314895,1.9551533244165273,-0.4694706694149624,0.6032194517497091,-0.4540301998486284
91,2.4213570916869074,0.9284155949604639,-1.4929414967264438,0.2961902925135081,-0.6780689328584892
(HA2)189,2.420348710988283,1.2913039243626487,-1.1290447866256348,0.9539247813736818,-0.4853427201463249
(HA2)28,2.420310545325014,0.9279765351679614,-1.4923340101570528,0.40923363422414283,-0.48545440793566774
167,2.4097939990582686,0.3084375734766184,-2.10135642558165,0.3084375734766184,-1.1376834163354228
(HA2)92,2.4091126315628193,0.7539120984052478,-1.6552005331575723,0.6958541369973426,-0.5804652134157169
286,2.3749006801835084,0.2603330858084732,-2.114567594375035,0.2603330858084732,-0.8741601349685878
128,2.3722260336074834,1.257441816919027,-1.1147842166884563,0.8012870891271467,-0.6526287189646254
198,2.367660025775968,0.9734181592870003,-1.3942418664889675,0.9734181592870003,-0.7624768071175793
-9,2.364895217092671,2.1030243955070738,-0.26187082158559744,0.5164604142015122,-0.26187082158559744
(HA2)191,2.350704616559266,1.8649022741750862,-0.48580234238417985,0.7049244846276603,-0.2625658627946409
120,2.3388719297140796,1.8130945897084259,-0.5257773400056537,0.4794440167190977,-0.26288867000282684
76,2.334478953053938,0.9845009646484737,-1.3499779884054635,0.263076417553883,-0.6749889942027317
26,2.327085945786335,1.4860285772006707,-0.841057368585664,0.4169735367713972,-0.5799590002444237
234,2.3136293804674946,1.488060754446015,-0.8255686260214796,0.9747147991228833,-0.2628610628284031
29,2.3135262236160408,0.5713989752330024,-1.7421272483830381,0.41298863044728445,-0.8252295751779088
(HA2)193,2.2984180629647284,1.438152264529566,-0.8602657984351627,0.5928004847331474,-0.34089735913793107
126,2.2907152565584257,0.46909461496771343,-1.8216206415907126,0.25043340511259626,-1.1562173632193333
140,2.2702032817121918,1.531936978675306,-0.7382663030368857,0.46687104058514134,-0.5504991952997228
172,2.256151876670944,1.3957787912113722,-0.8603730854595715,0.44888684999166417,-0.5973974542130879
308,2.243878818491723,0.7910899631120212,-1.452788855379702,0.530711373469783,-0.4855325305920481
329,2.2265143073417475,0.9181422405691967,-1.3083720667725514,0.2630498978975676,-0.37799219529512895
309,2.2231943267626932,0.945610264302032,-1.27758406246066,0.672731354502614,-0.9006032038497949
206,2.222771946156733,0.5699784266255568,-1.652793519531176,0.3147448831760959,-0.6781140686081519
111,2.2120771387422042,0.899854504579567,-1.3122226341626375,0.6494852149921335,-0.26308757668691257
239,2.2031552458329307,0.5981279621447071,-1.6050272836882238,0.34259102052434254,-0.4854868409710886
(HA2)52,2.191484172615486,1.3141701449794505,-0.877314027636034,0.48544880893826337,-0.6456973939536841
69,2.184902909603864,1.0307399011397336,-1.1541630084641301,0.5280973524938866,-0.7044939264111256
(HA2)72,2.1633442539107315,2.1074810965914503,-0.055863157319281126,0.915768276449629,-0.055863157319281126
196,2.1577015419306234,2.140905237913302,-0.01679630401732161,1.193327652539763,-0.01679630401732161
74,2.1480219795577566,0.2655927912165601,-1.8824291883411965,0.2629092107120691,-0.6753883246081469
(HA2)190,2.129602208228442,0.3533352284338548,-1.776266979794587,0.2238283431585641,-1.0156376882275666
(HA2)20,2.123390787274411,1.6565461305094582,-0.46684465676495396,1.1936176743496638,-0.26294115123386
112,2.1142557396304533,1.1843684352386064,-0.9298873043918472,0.5124149489330521,-0.6845423740228818
(HA2)83,2.112572915250846,0.8708111434981786,-1.241761771752667,0.5690659432916565,-0.7086894969573263
141,2.111733182197047,0.5019815594289451,-1.6097516227681026,0.25099077971447253,-0.8748614675155555
272,2.1068002897151485,1.6868321062502758,-0.4199681834648728,0.5112959275646967,-0.41750284137185834
287,2.103148175036039,0.17256583868321262,-1.9305823363528263,0.12250293485039855,-1.1056426399209214
123,2.091567587524575,0.2992488404878023,-1.7923187470367727,0.2992488404878023,-0.7495442255890881
271,2.085766854258142,0.9479408293034316,-1.1378260249547107,0.3378187675784241,-0.4176531881966944
55,2.0857323937331116,2.0857323937331116,0.0,1.722110702490483,0.0
152,2.0781401193804325,1.0109427342507162,-1.0671973851297163,0.7599288132237303,-0.5971023862457188
180,2.061784543099482,1.3685729151137016,-0.6932116279857807,0.47267386481298457,-0.2629267185666751
(HA2)75,2.0610025428674663,1.384841933388818,-0.6761606094786483,1.020056658298193,-0.2429777475356008
228,2.057698973545355,1.5832630853622263,-0.47443588818312876,0.6210783625723626,-0.2426183724835936
150,2.055460421014007,1.7583690968823478,-0.2970913241316584,0.7171615761792328,-0.2970913241316584
(HA2)115,2.048426699328592,0.10533661956170226,-1.9430900797668897,0.061089726817331116,-0.5323457964823315
(HA2)176,2.0368517388952987,0.0,-2.0368517388952987,0.0,-0.6847477493359333
(HA2)3,2.036585331003975,0.9712973211190001,-1.0652880098849749,0.4460604753773202,-0.48551545256101625
232,2.0313663456724167,1.0953474653418052,-0.9360188803306114,0.34559190633893266,-0.6629673589254181
-4,2.0239556042246365,0.7308448052056754,-1.2931107990189614,0.3665549048457861,-0.7338816375506703
235,2.0196355252219447,1.2504956845887292,-0.7691398406332158,0.25748683052956206,-0.26303891194851176
(HA2)217,2.002292177418115,0.20221414099071905,-1.8000780364273963,0.20221414099071905,-0.572374774916883
102,1.9999568021116285,0.18527773278513865,-1.8146790693264898,0.12643240707129375,-0.9142876430751501
58,1.9803523132549934,1.4629467992000953,-0.5174055140548982,0.4264440474601429,-0.2587027570274491
84,1.9795970047844973,1.6434986816352328,-0.3360983231492645,0.8140224764043907,-0.32348104734554417
315,1.9199839781532821,0.21810576068570886,-1.701878217467573,0.21810576068570886,-0.6810063957870638
283,1.9070204950504084,1.2069821617673602,-0.700038333283048,0.48097639488795135,-0.25005779211548035
93,1.896634920139014,0.7377979192131732,-1.1588370009258409,0.4634220760696538,-0.5737254014172293
87,1.8922231035607835,1.1032063104792855,-0.789016793081498,0.6796774607732918,-0.26300559769383264
(HA2)215,1.8912915677393085,1.0629897978876874,-0.8283017698516212,0.8124400549741952,-0.41710868497790465
(HA2)8,1.8795191665842994,0.26039265194613176,-1.6191265146381677,0.26039265194613176,-0.7345171409094706
23,1.8102543224024423,0.9766913954348653,-0.8335629269675773,0.496327374835336,-0.6472063171983136
230,1.7895411436471,0.8135539220236334,-0.975987221623467,0.4755415119001442,-0.28029321931802326
86,1.7828556548006442,1.2750632731364138,-0.5077923816642305,0.5565157509339383,-0.2628528950385865
256,1.7780791835861414,1.029260679072799,-0.7488185045133424,0.6607118932133355,-0.7488185045133424
14,1.7739772589543206,0.2060844097815464,-1.567892849172774,0.19329684629334767,-0.6743949392148993
243,1.7203036103367133,1.2793992992626144,-0.4409043110740989,0.5293284046138509,-0.26286297053163243
270,1.7086990788760699,0.2601523536138543,-1.4485467252622153,0.2601523536138543,-0.3094722843752746
179,1.6695043325531336,0.7361085440168457,-0.9333957885362879,0.2554098786717818,-0.6781465896717838
(HA2)41,1.6572991247800315,1.2667260896307129,-0.3905730351493187,0.4964690945849345,-0.168413084835012
255,1.6556748029945805,1.067254419339118,-0.5884203836554626,0.3541091623362583,-0.37542990299585344
197,1.6374372935164996,1.3533310282590838,-0.2841062652574159,0.47257612064363297,-0.2648422299223761
71,1.619233114894881,0.22658660780802709,-1.392646507086854,0.22351068010893696,-0.6996735286261315
118,1.603593848479042,0.8959787489528772,-0.7076150995261647,0.6489153509109489,-0.42672648987906964
281,1.5419768181189977,0.6139213078002395,-0.9280555103187582,0.355724967800106,-0.4854318580347219
(HA2)44,1.4305098315023974,0.9974618235788738,-0.43304800792352366,0.5018533309165353,-0.43304800792352366
194,1.4242802655197464,0.2554892543828639,-1.1687910111368829,0.2554892543828639,-0.3388958801183656
127,1.4148504886697846,0.2505550971942353,-1.1642953914755492,0.2505550971942353,-0.7494449028057647
277,1.3886886429473246,0.5776588603353242,-0.8110297826120008,0.26043798817968683,-0.48543334686463807
153,1.330134144691555,0.2503904685246576,-1.0797436761668975,0.2503904685246576,-0.48552785664277903
43,1.290766385988103,0.20315810411285923,-1.0876082818752437,0.18647197450493233,-0.2592354355476216
119,1.2709729229143316,0.0,-1.2709729229143316,0.0,-0.4276791270210928
303,1.2580869970087487,0.6172037134724502,-0.6408832835362984,0.35646493200066426,-0.48544155683991996
-11,1.2251832659182476,0.748309093163868,-0.47687417275437965,0.263048313091519,-0.47687417275437965
(HA2)126,1.215893060225914,0.11291759055125325,-1.1029754696746608,0.05225590602657657,-0.3710829737623853
(HA2)7,1.1546541821178709,0.1070188404548824,-1.0476353416629884,0.1070188404548824,-0.6647410135839811
295,1.0957937463535001,0.7070971275754085,-0.3886966187780916,0.40909760240530174,-0.22502995632783793
42,0.9604942721285239,0.3609721507986,-0.5995221213299237,0.17299973018953846,-0.38129644837337895
(HA2)192,0.9268256701721521,0.7317140077232874,-0.19511166244886477,0.7311041311629891,-0.19511166244886477
284,0.9008804636277616,0.0,-0.9008804636277616,0.0,-0.36703529501238297
151,0.8201984968439548,0.6073648255848793,-0.21283367125907557,0.25084183283152534,-0.21282248437508028
(HA2)188,0.8075077988953128,0.8075077988953128,0.0,0.4678447430011283,0.0
(HA2)194,0.7435701469880218,0.5827741390801479,-0.16079600790787396,0.47135164964190057,-0.14362235620602037
72,0.36154695669803416,0.003222979692446707,-0.35832397700558744,0.003222979692446707,-0.19022275490133692
